Hyundai Kona/$17000  1441537сом/"https://im.mashina.kg/tachka/images//1/c/6/1c655e4a0257c012cd08fa3837905ed1_240x180.jpg"/2019г.,1.6л.,роботвнедорожник5дв.,бензинрульслева,34000кмБишкек4ч.назад
Lexus GS/$8300  703809сом/"https://im.mashina.kg/tachka/images//e/6/8/e68450e9cc2f368a0b8147b02b9cbe1f_240x180.jpg"/2006г.,3л.,автоматседан,бензинрульслева,273588кмБишкек2ч.назад
Toyota Camry/$22700  1924876сом/"https://im.mashina.kg/tachka/images//e/0/b/e0b17170a1f7da12e59ae3cf93e966e6_240x180.jpg"/2017г.,2.5л.,автоматседан,бензинрульслева,43000кмБишкек13мин.назад
Lexus GS/$5900  500298сом/"https://im.mashina.kg/tachka/images//a/e/2/ae261b65037427dfb0cc33b1ac27facd_240x180.jpg"/2002г.,3л.,автоматседан,бензинрульсправа,185000кмБишкек1ч.назад
Kia K5 II/$16500  1399139сом/"https://im.mashina.kg/tachka/images//7/3/1/73183cde4f47c8632872849853024023_240x180.jpg"/2016г.,1.7л.,роботседан,дизельрульслева,77000кмБишкек3д.назад
Toyota Kluger/$9800  831004сом/"https://im.mashina.kg/tachka/images//c/1/1/c11d331b7416986afb2cf6bad561b0a8_240x180.jpg"/2003г.,3л.,автоматвнедорожник5дв.,бензинрульсправаБишкек1ч.назад
Ford Maverick/$6800  576615сом/"https://im.mashina.kg/tachka/images//7/9/d/79dc3b0fbf2e2bd45d6f2ba2721c4ef5_240x180.jpg"/2002г.,3л.,автоматвнедорожник5дв.,бензинрульслева,240000кмБишкек3д.назад
Mercedes-Benz E-класс/$9800  831004сом/"https://im.mashina.kg/tachka/images//5/2/4/524ca3bf3b3664070395b51e7b0e3ac8_240x180.jpg"/2000г.,4.3л.,автоматседан,бензинрульслеваТокмок2ч.назад
Hyundai Sonata/$13600  1153230сом/"https://im.mashina.kg/tachka/images//a/f/f/aff3b05d625a1207e23e8f0c4213d6fe_240x180.jpg"/2015г.,2.4л.,автоматседан,бензинрульслева,54000кмБишкек2ч.назад
Toyota Camry/$13450  1140510сом/"https://im.mashina.kg/tachka/images//9/2/0/920b0a8d22d8ec72dd28d1867c71cf44_240x180.jpg"/2016г.,2.5л.,автоматседан,бензинрульслева,137000кмБалыкчи2ч.назад
Toyota Kluger/$11000  932759сом/"https://im.mashina.kg/tachka/images//8/d/e/8de4abd7c4275e0b1eed4a346d7363fa_240x180.jpg"/2005г.,3л.,автоматвнедорожник5дв.,бензинрульсправа,200000кмБишкек2ч.назад
Toyota RAV 4/$24000  2035111сом/"https://im.mashina.kg/tachka/images//9/6/2/96229c5e03c813ab67462893bc564bba_240x180.jpg"/2015г.,2.5л.,автоматвнедорожник5дв.,бензинрульслеваБишкек2ч.назад
BMW 5 Серия/$52000  4409408сом/"https://im.mashina.kg/tachka/images//a/b/c/abc7371a57b46b9c0faeb390f0b9b290_240x180.jpg"/2019г.,2л.,автоматседан,гибридрульслева,35000кмБишкек3ч.назад
Toyota Land Cruiser Prado/$9200  780126сом/"https://im.mashina.kg/tachka/images//c/f/5/cf5b06636f4306f3609bee85615d0536_240x180.jpg"/2003г.,2.7л.,механикавнедорожник5дв.,бензинрульслева,500000кмБишкек3ч.назад
Toyota Land Cruiser/$20000  1695926сом/"https://im.mashina.kg/tachka/images//9/f/9/9f9759ff8476e6dd7e9de336e6c8eb30_240x180.jpg"/2006г.,4.7л.,автоматвнедорожник5дв.,бензинрульслева,77000кмБишкек3ч.назад
Lexus GX/$23800  2018152сом/"https://im.mashina.kg/tachka/images//4/c/a/4cae69a4b6aa56a37765da67a066db3e_240x180.jpg"/2008г.,4.7л.,автоматвнедорожник5дв.,бензинрульслева,168000кмБишкек3ч.назад
Subaru Legacy/$5000  423982сом/"https://im.mashina.kg/tachka/images//9/8/5/9857b0130c3a02dc180daa70cfd29f07_240x180.jpg"/2003г.,2л.,автоматседан,бензинрульсправа,230000кмБишкек3ч.назад
Toyota Camry/$15300  1297383сом/"https://im.mashina.kg/tachka/images//2/a/0/2a0c7ab882f74aca4ce0e0d4b6775dbd_240x180.jpg"/2015г.,2.5л.,автоматседан,бензинрульслева,180000кмБишкек4ч.назад
Lexus RX/$12500  1059954сом/"https://im.mashina.kg/tachka/images//f/2/0/f201677f7a8b301e685448554c4b8821_240x180.jpg"/2004г.,3.3л.,автоматвнедорожник5дв.,бензинрульслева,210000кмБишкек1д.назад
Lexus RX/$12500  1059954сом/"https://im.mashina.kg/tachka/images//7/a/6/7a693c9f32eb0b3d758b988b6c808a82_240x180.jpg"/2004г.,3л.,автоматвнедорожник5дв.,бензинрульслеваТокмок4ч.назад
Mercedes-Benz S-класс/$7700  652932сом/"https://im.mashina.kg/tachka/images//0/e/b/0eb4cda3f74e1185897b0f763317a367_240x180.jpg"/2002г.,3.7л.,автоматседан,бензинрульслева,236500кмБишкек4ч.назад
Toyota Windom/$7200  610533сом/"https://im.mashina.kg/tachka/images//6/8/b/68be57b980d93c2eee4abd6affdd7b3a_240x180.jpg"/2001г.,2.5л.,автоматседан,бензинрульсправа,284000кмБишкек4ч.назад
Toyota Prius/$16900  1433057сом/"https://im.mashina.kg/tachka/images//8/3/b/83b25c0559c1c70f6868a8ac20262520_240x180.jpg"/2016г.,1.8л.,вариаторхэтчбек5дв.,гибридрульслева,136000кмЕстьотчетпоVIN-кодуЕстьCarfax,AutocheckотчетпроверкиавтопоVINкодуВыможетекупитьотчётсисториейэтогоавтомобилянастраницеобъявления.ПодробнееБишкек5ч.назад
Lexus RX/$13700  1161709сом/"https://im.mashina.kg/tachka/images//3/f/1/3f132496b0bd159f2396a8eabb9efdad_240x180.jpg"/2005г.,3.3л.,автоматвнедорожник5дв.,бензинрульслева,231101кмЕстьотчетпоVIN-кодуЕстьCarfax,AutocheckотчетпроверкиавтопоVINкодуВыможетекупитьотчётсисториейэтогоавтомобилянастраницеобъявления.ПодробнееБишкек1д.назад
BMW X6/$38500  3264658сом/"https://im.mashina.kg/tachka/images//3/0/d/30df00287382e10fc0b4087ad9a30214_240x180.jpg"/2015г.,3л.,автоматвнедорожник5дв.,бензинрульслева,164000кмЕстьотчетпоVIN-кодуЕстьCarfax,AutocheckотчетпроверкиавтопоVINкодуВыможетекупитьотчётсисториейэтогоавтомобилянастраницеобъявления.ПодробнееБишкек4ч.назад
Lexus LX/$34500  2925472сом/"https://im.mashina.kg/tachka/images//2/e/b/2eb72432888cfc3b8e1a2a90ac75c057_240x180.jpg"/2011г.,5.7л.,автоматвнедорожник5дв.,бензинрульслева,180000кмБишкек4ч.назад
Toyota Camry/$22200  1882478сом/"https://im.mashina.kg/tachka/images//7/3/b/73b9956a469eb568c9e2204284efaebd_240x180.jpg"/2018г.,2.5л.,автоматседан,бензинрульслева,55300кмБишкек48мин.назад
Lexus RX/$8400  712289сом/"https://im.mashina.kg/tachka/images//e/3/f/e3f929fe496a10b85d4b58dde90badb0_240x180.jpg"/2002г.,3л.,автоматвнедорожник5дв.,бензинрульслеваТокмок5ч.назад
Toyota Highlander/$28000  2374296сом/"https://im.mashina.kg/tachka/images//7/2/f/72f33d9f06c79c9a054dd8ff8638ec1b_240x180.jpg"/2015г.,3.5л.,автоматвнедорожник5дв.,бензинрульслева,311054кмЕстьотчетпоVIN-кодуЕстьCarfax,AutocheckотчетпроверкиавтопоVINкодуВыможетекупитьотчётсисториейэтогоавтомобилянастраницеобъявления.ПодробнееБишкек5ч.назад
Honda Odyssey (North America)/$18000  1526333сом/"https://im.mashina.kg/tachka/images//3/f/5/3f5ed0d5eb41dfee2c32861e5e92a33e_240x180.jpg"/2015г.,3.5л.,автоматминивэн,бензинрульслева,172410кмБишкек5ч.назад
Toyota Estima/$9500  805565сом/"https://im.mashina.kg/tachka/images//0/0/f/00f91c5964980686a7b3064eb29ebe44_240x180.jpg"/2005г.,3л.,автоматминивэн,бензинрульсправа,107000кмБишкек5ч.назад
Toyota Camry/$18700  1585691сом/"https://im.mashina.kg/tachka/images//f/9/e/f9e6c0b45a68cc9c9a0992fe3ccd8133_240x180.jpg"/2017г.,2.5л.,автоматседан,бензинрульслева,85000кмБишкек5ч.назад
Mercedes-Benz Viano/$14000  1187148сом/"https://im.mashina.kg/tachka/images//5/4/d/54dbd920f62b532f6094864bb051708b_240x180.jpg"/2008г.,2.1л.,автоматминивэн,дизельрульслева,329000кмБишкек5ч.назад
Audi Q7/$26000  2204704сом/"https://im.mashina.kg/tachka/images//7/6/8/76823f7e97662053c6fc026cffa86730_240x180.jpg"/2014г.,3л.,автоматвнедорожник5дв.,бензинрульслева,125000кмБишкек5ч.назад
Land Rover Range Rover/$25600  2170785сом/"https://im.mashina.kg/tachka/images//8/1/c/81cc5b6c534ccfd693465bcc4aebd207_240x180.jpg"/2011г.,4.4л.,автоматвнедорожник5дв.,дизельрульслева,246000кмБишкек1д.назад
Toyota Camry/$25000  2119908сом/"https://im.mashina.kg/tachka/images//0/4/7/04778eb8dde7bfe2de5194bbbe9c901c_240x180.jpg"/2018г.,2.5л.,автоматседан,бензинрульслева,55600кмЕстьотчетпоVIN-кодуЕстьCarfax,AutocheckотчетпроверкиавтопоVINкодуВыможетекупитьотчётсисториейэтогоавтомобилянастраницеобъявления.ПодробнееБишкек6ч.назад
Lexus RX/$21700  1840080сом/"https://im.mashina.kg/tachka/images//8/1/8/81851103fe567d4e8bb14a6b63704ad8_240x180.jpg"/2009г.,3.5л.,автоматвнедорожник5дв.,бензинрульслева,170000кмЕстьотчетпоVIN-кодуЕстьCarfax,AutocheckотчетпроверкиавтопоVINкодуВыможетекупитьотчётсисториейэтогоавтомобилянастраницеобъявления.ПодробнееБишкек1д.назад
Subaru Forester/$5500  466380сом/"https://im.mashina.kg/tachka/images//0/5/1/051b9f9a7bb9579ddec61c41892ee76a_240x180.jpg"/2002г.,2л.,автоматуниверсал,бензинрульсправа,165000кмБишкек7ч.назад
Chevrolet Camaro/$31000  2628685сом/"https://im.mashina.kg/tachka/images//c/b/0/cb01e27289a4743ae37c3a8995503a92_240x180.jpg"/2014г.,3.6л.,автоматкупе,бензинрульслева,80000кмБишкек27мин.назад
Daihatsu YRV/$3777  320276сом/"https://im.mashina.kg/tachka/images//c/9/a/c9a4afa8983f302b2bf39020992121c0_240x180.jpg"/2002г.,1.3л.,автоматминивэн,бензинрульслеваБишкек12мин.назад
Toyota Highlander/$48800  4138059сом/"https://im.mashina.kg/tachka/images//b/4/5/b45563bdfd34ee8c979c8ba4272be6e9_240x180.jpg"/2018г.,3.5л.,автоматвнедорожник,бензинрульслева,54000кмБишкек6ч.назад
Toyota Windom/$5700  483339сом/"https://im.mashina.kg/tachka/images//9/e/e/9eee68d7f427c24c352d42a071550264_240x180.jpg"/2000г.,2.5л.,автоматседан,бензинрульсправа,202000кмБишкек6ч.назад
Toyota Camry/$43500  3688639сом/"https://im.mashina.kg/tachka/images//6/6/f/66f67357dd7825851e696e7040b02bfa_240x180.jpg"/2021г.,2.5л.,автоматседан,бензинрульслева,1000кмБишкек6ч.назад
Chevrolet Volt/$15000  1271945сом/"https://im.mashina.kg/tachka/images//a/2/b/a2b7be63e774d36296161708b5ac235d_240x180.jpg"/2014г.,1.4л.,вариаторхэтчбек5дв.,гибридрульслева,96000кмБишкек6ч.назад
Volkswagen Passat CC/$8000  678370сом/"https://im.mashina.kg/tachka/images//3/b/2/3b20e363c0f9893bfe7de74660a1033f_240x180.jpg"/2011г.,1.8л.,механикаседан,бензинрульслева,210000кмБишкек7ч.назад
Toyota RAV 4/$25800  2187745сом/"https://im.mashina.kg/tachka/images//4/9/d/49d653b86d9414db69dd0dc969839d21_240x180.jpg"/2016г.,2.5л.,вариаторвнедорожник5дв.,гибридрульслева,40000кмЕстьотчетпоVIN-кодуЕстьCarfax,AutocheckотчетпроверкиавтопоVINкодуВыможетекупитьотчётсисториейэтогоавтомобилянастраницеобъявления.ПодробнееБишкек20ч.назад
Volkswagen Passat/$10000  847963сом/"https://im.mashina.kg/tachka/images//e/b/3/eb3dc3d394713636c553541d596819fa_240x180.jpg"/2012г.,2л.,роботседан,бензинрульслева,253000кмБишкек8ч.назад
Volkswagen Passat/$2700  228950сом/"https://im.mashina.kg/tachka/images//9/2/c/92c23151fc17849c3b03f1773d56dd3f_240x180.jpg"/2000г.,1.6л.,механикаседан,бензинрульслева,123456кмБишкек7ч.назад
Lexus LX/$33000  2798278сом/"https://im.mashina.kg/tachka/images//8/9/0/8906d83a25af4782414c0e8d0818ac67_240x180.jpg"/2009г.,5.7л.,автоматвнедорожник5дв.,бензинрульслева,250000кмБишкек8ч.назад
Lexus LX/$22200  1882478сом/"https://im.mashina.kg/tachka/images//0/3/5/035736730f379019a62c45cd490883fc_240x180.jpg"/2005г.,4.7л.,автоматвнедорожник5дв.,бензинрульслева,200000кмБишкек8ч.назад
Toyota Corolla/$5300  449420сом/"https://im.mashina.kg/tachka/images//e/a/1/ea1da9fb8e3814d4d5ebc257ecf75a49_240x180.jpg"/2004г.,1.4л.,механикаседан,бензинрульслева,217000кмБишкек1ч.назад
Lexus ES/$22800  1933356сом/"https://im.mashina.kg/tachka/images//9/3/0/930ac7b1a129a18ac6120af9ea3baad5_240x180.jpg"/2013г.,3.5л.,автоматседан,бензинрульслеваБишкек8ч.назад
Toyota Sequoia/$26500  2247102сом/"https://im.mashina.kg/tachka/images//5/2/c/52ce0172d5d4feaf6f6cd98bcf22ff27_240x180.jpg"/2008г.,5.7л.,автоматвнедорожник5дв.,бензинрульслева,137000кмБишкек8ч.назад
ВАЗ (Lada) 2121 (4x4) Нива/от$12147  от1030000сом/"https://im.mashina.kg/tachka/images//4/e/c/4ec3243abffbbbbd286ae2231db1ad36_240x180.jpg"/2021г.,1.7л.,механикавнедорожник3дв.,бензинрульслева   новыйБишкек
Toyota Sequoia/$27500  2331898сом/"https://im.mashina.kg/tachka/images//b/f/c/bfcd01d359a8efbbd239648112735d0b_240x180.jpg"/2008г.,5.7л.,автоматвнедорожник5дв.,бензинрульслева,162000кмБишкек2д.назад
Renault Duster/от$25119  от2130000сом/"https://im.mashina.kg/tachka/images//4/b/3/4b30307c5c56d9b9557415cd8292316e_240x180.jpg"/2021г.,1.3л.,вариаторвнедорожник5дв.,бензинрульслева   новыйБишкек
Mercedes-Benz E-класс/$4128  350000сом/"https://im.mashina.kg/tachka/images//5/b/a/5ba52507cc737ac385d78e24f7867e3c_240x180.jpg"/1999г.,2л.,механикаседан,бензинрульслеваУзген2ч.назад
Toyota Avensis/$6000  508778сом/"https://im.mashina.kg/tachka/images//a/9/e/a9e5d42f80dcff365ec53f39df6d6eb7_240x180.jpg"/2004г.,1.8л.,механикауниверсал,бензинрульслеваБишкек2ч.назад
Hyundai Accent/от$19235  от1635000сом/"https://im.mashina.kg/tachka/images//9/5/7/957c0b6fcd2c54f57828c1e2d487d732_240x180.jpg"/2022г.,1.6л.,автоматседан,бензинрульслева   новыйБишкек
Kia Sorento/$22700  1924876сом/"https://im.mashina.kg/tachka/images//4/e/a/4ea7338b2acaeb822d7c7ed0c6d33568_240x180.jpg"/2016г.,2л.,автоматвнедорожник5дв.,дизельрульслева,110200кмБишкек10ч.назад
Kia K7/$13500  1144750сом/"https://im.mashina.kg/tachka/images//e/e/f/eef83881cf6a9eccef069abd7d92ceb2_240x180.jpg"/"2014г.,3л.,автоматседан,бензин/газрульслева,140000кмБишкек1ч.назад"
Lexus GX/$24500  2077509сом/"https://im.mashina.kg/tachka/images//2/9/7/2973dba0bbce0c6f07c6e10a77523a12_240x180.jpg"/2008г.,4.7л.,автоматвнедорожник5дв.,бензинрульслева,140000кмБишкек4ч.назад
Honda CR-V/$18900  1602650сом/"https://im.mashina.kg/tachka/images//f/3/5/f35599af24ac4a1724c57ba5117889f8_240x180.jpg"/2015г.,2.4л.,вариаторвнедорожник5дв.,бензинрульслева,110000кмБишкек4ч.назад
Lexus RX/$14900  1263465сом/"https://im.mashina.kg/tachka/images//7/6/4/7645c53facaf5c21f80db18362222005_240x180.jpg"/2007г.,3.5л.,автоматвнедорожник5дв.,бензинрульслеваБишкек11ч.назад
Toyota Camry/$24800  2102948сом/"https://im.mashina.kg/tachka/images//f/f/f/fff6c444b02b16dfe13daf5e8de83a33_240x180.jpg"/2017г.,2.5л.,автоматседан,бензинрульслеваБишкек12ч.назад
Toyota Land Cruiser Prado/$16500  1399139сом/"https://im.mashina.kg/tachka/images//d/4/9/d49260c61d8b22d91f72c7ab865e7eca_240x180.jpg"/2008г.,2.7л.,автоматвнедорожник5дв.,бензинрульслева,232000кмБишкек12ч.назад
Toyota Camry/$24700  2094469сом/"https://im.mashina.kg/tachka/images//6/5/2/652edd2b85067f29c252cb91b54a82c1_240x180.jpg"/2017г.,2.5л.,автоматседан,бензинрульслева,100001кмБишкек13ч.назад
BMW X5/$9800  831004сом/"https://im.mashina.kg/tachka/images//a/7/f/a7fd7d6be3f4f969e42b743fbf9f708e_240x180.jpg"/2004г.,4.4л.,автоматвнедорожник5дв.,бензинрульслева,215000кмБишкек7ч.назад
Toyota Sequoia/$12200  1034515сом/"https://im.mashina.kg/tachka/images//f/0/d/f0d7ea0b447753c28ebe79d469cbd566_240x180.jpg"/2003г.,4.7л.,автоматвнедорожник5дв.,бензинрульслеваБишкек3ч.назад
Toyota Camry/$14800  1254985сом/"https://im.mashina.kg/tachka/images//8/5/3/8530d2826098dfb1bafa680907eff761_240x180.jpg"/2017г.,2.5л.,автоматседан,бензинрульслева,56000кмБишкек13ч.назад
Hyundai Sonata/$13100  1110832сом/"https://im.mashina.kg/tachka/images//6/7/d/67dd91eb7c307d70e7593430d023fb62_240x180.jpg"/2015г.,2л.,автоматседан,газрульслева,102000кмБишкек2ч.назад
Toyota RAV 4/$11500  975157сом/"https://im.mashina.kg/tachka/images//8/2/e/82e4c21d02ab0305e7db7700dec5f01c_240x180.jpg"/2006г.,2.4л.,автоматвнедорожник5дв.,бензинрульслева,180000кмБишкек14ч.назад
Lexus GX/$21000  1780722сом/"https://im.mashina.kg/tachka/images//e/1/d/e1d4ce301b429abccc00eb97e38d0f97_240x180.jpg"/2005г.,4.7л.,автоматвнедорожник5дв.,бензинрульслева,242889кмБишкек14ч.назад
Toyota Ipsum/$9000  763167сом/"https://im.mashina.kg/tachka/images//7/0/d/70dc897f52d081ee1576d5f14c882223_240x180.jpg"/2004г.,2.4л.,автоматминивэн,бензинрульсправаБишкек3ч.назад
Mercedes-Benz E-класс/$12000  1017556сом/"https://im.mashina.kg/tachka/images//0/b/0/0b06d9dc748eb5fa7aa02d1a054b8b75_240x180.jpg"/2010г.,2.1л.,автоматуниверсал,дизельрульслева,138599кмБишкек10ч.назад
Toyota Ipsum/$9400  797085сом/"https://im.mashina.kg/tachka/images//0/8/6/086921ccf352c629176330864d044b21_240x180.jpg"/2003г.,2.4л.,автоматминивэн,бензинрульсправа,163000кмБишкек16ч.назад
Volkswagen Transporter/$7900  669891сом/"https://im.mashina.kg/tachka/images//d/b/2/db2c7498072035271e90ee0fb11e910a_240x180.jpg"/2002г.,2.5л.,механикаминивэн,дизельрульслева,433055кмБишкек17ч.назад
Toyota Prius/$25500  2162306сом/"https://im.mashina.kg/tachka/images//8/4/f/84f2072c2d7af3e92ed1ee924a23d743_240x180.jpg"/2018г.,1.8л.,автоматхэтчбек5дв.,гибридрульслева,150000кмБишкек20ч.назад
Nissan Primera/$3302  280000сом/Image not found :(/2003г.,1.8л.,механикаседан,бензинрульслеваБаткен3сек.назад
Lexus RX/$25500  2162306сом/"https://im.mashina.kg/tachka/images//0/a/f/0af204a20b7d2cc018fe22282ff2fc95_240x180.jpg"/2015г.,3.5л.,автоматвнедорожник5дв.,бензинрульслева,85500кмБишкек52сек.назад
Nissan Almera Tino/$5500  466380сом/"https://im.mashina.kg/tachka/images//b/4/9/b4960ae155643b6035f75ddcd679026f_240x180.jpg"/2003г.,1.8л.,механикаминивэн,бензинрульслеваБишкек2мин.назад
Lexus RX/$17000  1441537сом/"https://im.mashina.kg/tachka/images//f/3/d/f3d8ea792078cba0adc4373d6184305a_240x180.jpg"/2007г.,3.5л.,автоматвнедорожник5дв.,бензинрульслева,150000кмБишкек2мин.назад
Daewoo Tico/$1179  100000сом/"https://im.mashina.kg/tachka/images//d/d/b/ddb55f014907da54c80e2c6df4553c28_240x180.jpg"/1996г.,0.8л.,механикахэтчбек5дв.,бензинрульслеваКочкор-Ата2мин.назад
Mercedes-Benz S-класс/$15000  1271945сом/"https://im.mashina.kg/tachka/images//0/a/3/0a355144a540ac5040f86901a4e02377_240x180.jpg"/2008г.,4.7л.,автоматседан,бензинрульслева,225000кмМайлуу-Суу2мин.назад
